logfile,logkey,scf_energy_hartree,gibbs_free_energy_hartree,enthalpy_hartree,dipole_total_debye,isotropic_polarizability_au,homo_hartree,lumo_hartree,gap_hartree,ir_c_o_freq_cm1,ir_c_o_intensity_km_mol,q_a,nbo_q_a,q_b,nbo_q_b,q_c,nbo_q_c,q_d,nbo_q_d,q_e,nbo_q_e,q_f,nbo_q_f,q_g,nbo_q_g,q_mean,q_std,nbo_q_mean,nbo_q_std,nbo_bond_occ_c_a,nbo_bond_occ_c_d,nbo_bond_occ_c_e,nbo_bond_energy_c_a,nbo_bond_energy_c_d,nbo_bond_energy_c_e,bond_length_c_a,bond_length_c_d,bond_length_c_e,sterimol_L,sterimol_B1,sterimol_B5,Ar_NBO_C1,Ar_NBO_C2,Ar_NBO_OH,Ar_NBO_CO,Ar_v_CeqO,Ar_I_CeqO,Ar_Ster_L,Ar_Ster_B1,Ar_Ster_B5,Ar_dp,Ar_polar,Ar_HOMO,Ar_LUMO
H.log,H,-420.818906103,-420.734365,-420.694303,,115.788,-0.32424,19.02138,19.34562,1848.0264,391.1211,-0.517215,-0.70145,0.30403,0.49829,0.333863,0.80505,-0.910854,-0.6028,1.772445,-0.18103,-1.003034,-0.15298,-0.562349,-0.1626,-0.08330199999999999,0.9036723037349957,-0.07107428571428571,0.5069588588226618,,,,,,,1.3473723221908636,1.2014552670324434,1.4853724883476196,6.833738732489495,1.7004549384823895,3.332694806849384,0.80505,-0.18103,-0.70145,-0.6028,1848.0264,391.1211,6.833738732489495,1.7004549384823895,3.332694806849384,,115.788,-0.32424,19.02138
m-CN.log,m-CN,-513.065323198,-512.984849,-512.940307,,142.598,-0.34098,20.41897,20.75995,1856.2271,395.6624,-0.523627,-0.69662,0.299325,0.50244,0.492457,0.80507,-0.916858,-0.59197,1.506476,-0.17141,-0.668478,-0.1319,-0.758999,-0.11601,-0.08138628571428572,0.8187943527189777,-0.05720000000000001,0.503363827805353,,,,,,,1.3435099693883927,1.199869804589648,1.488922664406046,6.935972910608113,1.7009537988863084,4.856709593043039,0.80507,-0.17141,-0.69662,-0.59197,1856.2271,395.6624,6.935972910608113,1.7009537988863084,4.856709593043039,,142.598,-0.34098,20.41897
m-OMe.log,m-OMe,-535.345054307,-535.230768,-535.184898,,134.066,-0.29193,19.22555,19.51748,1848.1042,387.6615,-0.541015,-0.70439,0.299423,0.49834,0.485236,0.80567,-0.939365,-0.60107,1.754092,-0.15559,-0.878697,-0.18549,-0.480033,-0.26689,-0.04290842857142857,0.8917641306293396,-0.08706,0.511536380021709,,,,,,,1.3488357022869761,1.2010469216504407,1.486473551638239,6.828398244469815,1.7749669283536462,5.3480218331934,0.80567,-0.15559,-0.70439,-0.60107,1848.1042,387.6615,6.828398244469815,1.7749669283536462,5.3480218331934,,134.066,-0.29193,19.22555
m-SO2Me.log,m-SO2Me,-1008.74047794,-1008.625085,-1008.572799,,161.536,-0.34945,19.63419,19.98364,1853.389,405.847,-0.527748,-0.69499,0.299758,0.50177,0.430255,0.80514,-0.936362,-0.5939,1.566657,-0.16889,-0.679007,-0.13383,-0.840818,-0.15076,-0.09818071428571429,0.8439049855417398,-0.062208571428571426,0.5039593799795652,,,,,,,1.3431890656929126,1.2002486773410748,1.4886250802888548,7.792151743287033,1.830320858288874,5.3932682540381744,0.80514,-0.16889,-0.69499,-0.5939,1853.389,405.847,7.792151743287033,1.830320858288874,5.3932682540381744,,161.536,-0.34945,19.63419
o-CF3.log,o-CF3,-757.895840641,-757.809172,-757.763516,,115.103,-0.34083,19.73886,20.07969,1838.6438,359.0252,-0.439643,-0.6819,0.281154,0.50276,0.264812,0.80748,-0.942857,-0.60222,1.60884,-0.14932,-0.989998,-0.14982,0.804427,-0.10682,0.08381928571428574,0.8781330465650594,-0.054262857142857134,0.502563416032936,,,,,,,1.3333202179465367,1.2018353013233551,1.502062423454498,6.842169210705961,1.9833663608280896,4.872196892777353,0.80748,-0.14932,-0.6819,-0.60222,1838.6438,359.0252,6.842169210705961,1.9833663608280896,4.872196892777353,,115.103,-0.34083,19.73886
o-Cl.log,o-Cl,-880.420045482,-880.345862,-880.304869,,126.598,-0.31543,18.71218,19.02761,1831.3574,409.5033,-0.426855,-0.68261,0.286296,0.49854,0.327451,0.81039,-0.907053,-0.60754,1.601726,-0.20604,-0.932235,-0.13906,0.356621,0.00116,0.043707285714285705,0.8231068683453849,-0.04645142857142857,0.5052612777684877,,,,,,,1.3375267752078832,1.2027291914163387,1.496230150093895,6.847227326904169,1.7183677699502,4.504486543284379,0.81039,-0.20604,-0.68261,-0.60754,1831.3574,409.5033,6.847227326904169,1.7183677699502,4.504486543284379,,126.598,-0.31543,18.71218
o-F.log,o-F,-520.065001555,-519.990314,-519.947729,,115.944,-0.32231,19.0093,19.33161,1838.198,411.0601,-0.481829,-0.68037,0.297132,0.49691,0.430595,0.80819,-0.902035,-0.60543,1.724789,-0.24742,-0.811495,-0.1324,0.300634,0.45299,0.07968442857142856,0.8450596412020459,0.01321,0.5361588615593064,,,,,,,1.339349284240672,1.2021270946455702,1.488814038592463,6.852735215740023,1.7005828738632616,3.826599163498419,0.80819,-0.24742,-0.68037,-0.60543,1838.198,411.0601,6.852735215740023,1.7005828738632616,3.826599163498419,,115.944,-0.32231,19.0093
o-Me.log,o-Me,-460.126192295,-460.015545,-459.971909,,126.617,-0.31149,20.26877,20.58026,1831.7455,409.0947,-0.428538,-0.70071,0.278247,0.49831,0.287521,0.80836,-0.950102,-0.61145,1.510936,-0.18622,-1.032609,-0.14468,1.133377,0.02732,0.11411885714285716,0.9093968895069852,-0.04415285714285717,0.508405715650525,,,,,,,1.3470467161019322,1.2030009313687167,1.4911325159740165,6.827065062574503,1.7943040424962022,4.352916258126696,0.80836,-0.18622,-0.70071,-0.61145,1831.7455,409.0947,6.827065062574503,1.7943040424962022,4.352916258126696,,126.617,-0.31149,20.26877
o-OMe.log,o-OMe,-535.334851331,-535.221675,-535.175031,,128.367,-0.31072,19.10998,19.4207,1836.8469,429.9901,-0.400825,-0.69042,0.240293,0.49618,0.211885,0.81279,-0.844846,-0.60533,1.516637,-0.21581,-0.922458,-0.14428,0.952375,0.34623,0.10758014285714286,0.8412729899735161,-9.142857142859149e-05,0.5260624882336039,,,,,,,1.343623715006549,1.2023767356656565,1.4889625260952675,6.843344750775113,1.8014078991740652,5.277361994978092,0.81279,-0.21581,-0.69042,-0.60533,1836.8469,429.9901,6.843344750775113,1.8014078991740652,5.277361994978092,,128.367,-0.31072,19.10998
o-Ph.log,o-Ph,-651.853457008,-651.694616,-651.642967,,208.428,-0.29349,20.02933,20.32282,1840.9843,403.9384,-0.478872,-0.6862,0.238811,0.49597,0.511085,0.80974,-0.953252,-0.60226,0.754962,-0.15411,-0.654292,-0.157,1.233236,-0.00862,0.09309685714285713,0.74780763756166,-0.043211428571428574,0.5029420954579895,,,,,,,1.3427109651153522,1.2018754679974128,1.4924851132336296,6.826838293437299,2.105406118883093,7.230187203613051,0.80974,-0.15411,-0.6862,-0.60226,1840.9843,403.9384,6.826838293437299,2.105406118883093,7.230187203613051,,208.428,-0.29349,20.02933
o-iPr.log,o-iPr,-538.739139877,-538.57476,-538.525268,,142.451,-0.30971,18.69338,19.00309,1838.6276,422.8442,-0.403818,-0.70211,0.216876,0.49763,0.424714,0.81125,-0.90468,-0.60361,1.1279,-0.17839,-0.644901,-0.15192,1.193296,0.04018,0.14419814285714283,0.772324079209615,-0.04099571428571428,0.5081926286039055,,,,,,,1.3482156849536355,1.2018933854061262,1.4924615745981535,6.819246394795472,2.2019765014684056,5.6554561481072785,0.81125,-0.17839,-0.70211,-0.60361,1838.6276,422.8442,6.819246394795472,2.2019765014684056,5.6554561481072785,,142.451,-0.30971,18.69338
p-CO2Me.log,p-CO2Me,-648.70534068,-648.583812,-648.532711,,175.282,-0.33184,20.33869,20.67053,1832.0736,393.5613,-0.526718,-0.69867,0.299632,0.49978,0.328481,0.80273,-0.911995,-0.59646,1.540207,-0.15881,-0.833682,-0.16579,-0.215473,-0.18936,-0.04564971428571428,0.7933608846578342,-0.07236857142857142,0.5056768421327872,,,,,,,1.3454571294853659,1.2007208721988636,1.4883808838173782,9.788335471706487,1.858001728527067,3.5408231188411836,0.80273,-0.15881,-0.69867,-0.59646,1832.0736,393.5613,9.788335471706487,1.858001728527067,3.5408231188411836,,175.282,-0.33184,20.33869
p-COMe.log,p-COMe,-573.460372384,-573.341836,-573.29651,,167.596,-0.332,19.0855,19.4175,1851.0032,359.5248,-0.53502,-0.70246,0.306525,0.49975,0.38571,0.82228,-0.916406,-0.60332,1.517064,-0.18866,-0.682451,-0.10569,-0.245449,-0.15359,-0.024289571428571462,0.7738691300488285,-0.06166999999999999,0.5108913880100712,,,,,,,1.345005388201103,1.2007819715651964,1.4883970336754908,8.720260823952326,1.8264749382489944,3.3671324301403898,0.82228,-0.18866,-0.70246,-0.60332,1851.0032,359.5248,8.720260823952326,1.8264749382489944,3.3671324301403898,,167.596,-0.332,19.0855
p-Cl.log,p-Cl,-880.429757596,-880.35705,-880.313643,,150.849,-0.3191,19.29711,19.61621,1849.3213,414.8531,-0.532169,-0.70069,0.307077,0.49979,0.373515,0.80512,-0.902658,-0.59985,1.787652,-0.18284,-0.767272,-0.13907,-0.486625,-0.14865,-0.03149714285714284,0.8739132389377643,-0.06659857142857144,0.5060512286441412,,,,,,,1.3465823172613698,1.2011038168106036,1.4843911728779582,8.120972104912745,1.7439989629084331,3.331108511268254,0.80512,-0.18284,-0.70069,-0.59985,1849.3213,414.8531,8.120972104912745,1.7439989629084331,3.331108511268254,,150.849,-0.3191,19.29711
p-F.log,p-F,-520.071766225,-519.99662,-519.954546,,118.059,-0.32452,19.01751,19.34203,1847.9645,399.4865,-0.519284,-0.70209,0.307579,0.49935,0.451453,0.8056,-0.918576,-0.60316,1.873675,-0.20006,-0.89569,-0.1313,-0.475416,-0.14087,-0.025179857142857143,0.921671863767365,-0.06750428571428572,0.5071326096751404,,,,,,,1.3472580226107393,1.2014672796148054,1.4828826189584257,7.428262194700443,1.7005551925438878,3.326843340048048,0.8056,-0.20006,-0.70209,-0.60316,1847.9645,399.4865,7.428262194700443,1.7005551925438878,3.326843340048048,,118.059,-0.32452,19.01751
p-OMe.log,p-OMe,-535.347230326,-535.232818,-535.187031,,154.982,-0.29463,19.15617,19.4508,1839.2786,444.9555,-0.537364,-0.70529,0.291389,0.49719,0.403576,0.80569,-0.930008,-0.61071,1.747342,-0.21608,-0.74392,-0.13251,-0.597814,-0.13594,-0.05239985714285712,0.8739269731191877,-0.07109285714285712,0.5090726513044307,,,,,,,1.3498204768375683,1.2028508571327536,1.477959906866895,8.925072477147594,1.831680639307571,3.32050200092528,0.80569,-0.21608,-0.70529,-0.61071,1839.2786,444.9555,8.925072477147594,1.831680639307571,3.32050200092528,,154.982,-0.29463,19.15617
p-tBu.log,p-tBu,-578.054859209,-577.863685,-577.81171,,186.931,-0.31131,20.30855,20.61986,1844.6075,435.6571,-0.550608,-0.70721,0.297149,0.49724,0.17778,0.82581,-0.946821,-0.6125,1.767369,-0.22643,-0.776772,-0.08379,-0.415885,-0.1419,-0.06396971428571428,0.8611309687394851,-0.06411142857142857,0.5146659110371247,,,,,,,1.3484288389729728,1.202071013707177,1.4824685846877161,8.972624066454388,2.907771835498665,3.3637108057253338,0.82581,-0.22643,-0.70721,-0.6125,1844.6075,435.6571,8.972624066454388,2.907771835498665,3.3637108057253338,,186.931,-0.31131,20.30855
